acc,ll,bic,A1_vocab_cap,A2_len_norm,A3_state_cost_amp,A4_beta_drift,A5_noise,A6_rare_df
0.888447865253857,-19596.903661271874,61343.081546983936,0.5,False,0.0,const,0.0,5
0.3947123183653746,-265363.0554947636,616319.3775331769,1.0,False,1.0,const,0.1,2
0.393469782211024,-192214.09941569704,427313.7439710482,0.5,True,1.0,linear,0.0,2
0.8925033652020847,-20481.8428776229,85084.41046846758,1.0,True,0.0,linear,0.1,5
0.8924343354157319,-19206.67048190888,81298.88610347194,0.5,True,0.0,const,0.1,2
0.3934352673178476,-269391.0461574002,582902.8170280221,1.0,True,1.0,const,0.0,5
0.3937631588030235,-193010.5703664262,408170.4149572926,0.5,False,1.0,linear,0.1,5
0.8864977737893902,-20735.434994778323,127064.13653320642,1.0,False,0.0,linear,0.0,2
