config,acc,acc_lo,acc_hi,ll,bic,n,k_params,delta_bic
vocab_top_ratio_1.00,0.8923653056293791,0.8833219818080651,0.9007623594946625,-19276.358816105407,124052.40766888326,57946,1827,77061.07152562498
vocab_top_ratio_0.75,0.892365305629379,0.8834082982249127,0.9008460425598794,-19223.284998690655,102573.69168995935,57946,1370,55582.35554670108
vocab_top_ratio_0.50,0.8924515928623201,0.8833219818080651,0.9008460425598794,-19166.070172480384,81124.10897763763,57946,914,34132.772834379364
vocab_top_ratio_0.25,0.8924861077554965,0.8834082982249127,0.9009297244633271,-19133.910299349995,59696.55016557849,57946,458,12705.214022320222
vocab_top_ratio_0.10,0.8925033652020847,0.8834082982249127,0.9009297244633271,-19186.52780614689,46991.33614325827,57946,184,0.0
