config,acc,acc_lo,acc_hi,ll,bic,n,k_params,delta_bic
A1_only,0.8895350843889138,0.8815958697282729,0.8983350508149304,-19500.899552990395,52252.05196670895,57946,283,696.4878240580874
A1+A2,0.8925033652020847,0.8834082982249127,0.9009297244633271,-19152.65564096135,51555.56414265086,57946,283,0.0
A1..A4,0.8924170779691437,0.8834082982249127,0.9007623594946625,-19143.748998692892,69626.33068586425,57946,669,18070.766543213387
A1..A5,0.8923825630759673,0.8834082982249127,0.9007623594946625,-19213.93686705121,98287.9526623451,57946,1279,46732.388519694236
A1..A6,0.8923653056293791,0.8833219818080651,0.9007623594946625,-19276.358816105407,124052.40766888326,57946,1827,72496.8435262324
