acc,acc_lo,acc_hi,ll,bic,n,k_params,delta_bic,group
0.9069097399286079,0.9039940989980408,0.9097456750275612,-11482.372896943743,32843.6097150543,39220,934,,len_bin_1
0.8646851779429018,0.8550358245976041,0.8737870447932733,-1946.1417176631003,8777.013088473048,5114,572,,len_bin_2
0.8627681457537467,0.8568851469083681,0.8684464403803677,-5396.819232897529,25309.66669511677,13612,1525,,len_bin_3
0.9338812103100486,0.9306737731931884,0.9369503058064428,-5436.773346256221,15999.10241590758,24093,508,,has_bigram_0
0.8636457625616637,0.8599488675461934,0.8672601347253005,-13159.039555089204,45988.64966090956,33853,1886,,has_bigram_1
