config,acc,acc_lo,acc_hi,ll,bic,n,k_params,delta_bic
Q1_len_norm_on,0.9059153493115757,0.8948068858300705,0.9153451934478695,-11781.90574957888,60427.336560201154,39220,822,0.0
Q1_len_norm_off,0.9049464558898521,0.8927826240283979,0.9142176473129411,-11893.464589557105,60650.4542401576,39220,822,223.11767995644914
Q2_len_norm_on,0.8646851779429018,0.8282487266912506,0.8929625306506161,-2018.3780223037934,21529.349083911555,5114,505,0.0
Q2_len_norm_off,0.8539303871724677,0.810795666410919,0.8847680546976588,-2108.275385352917,21709.143810009802,5114,505,179.79472609824734
Q3_len_norm_on,0.8627681457537467,0.8341418511055559,0.8887514837178029,-5499.887146679458,64248.25125876033,13612,1346,0.0
Q3_len_norm_off,0.8496179841316486,0.8189719697257047,0.8739442598217784,-5938.022081791499,65124.5211289844,13612,1346,876.2698702240741
