config,acc,acc_lo,acc_hi,ll,bic,n,k_params,delta_bic
noise_0.00,0.8923653056293791,0.8833219818080651,0.9007623594946625,-19276.358816105407,124052.40766888326,57946,1827,0.0
noise_0.05,0.8923653056293791,0.8834082982249127,0.9008460425598794,-19289.816176416574,124079.3223895056,57946,1827,26.91472062234243
noise_0.10,0.8923998205225555,0.8834082982249127,0.9007623594946625,-19320.28073254966,124140.25150177177,57946,1827,87.8438328885095
noise_0.20,0.8923135332896144,0.8834082982249127,0.9009297244633271,-19344.24337730642,124188.17679128528,57946,1827,135.76912240202364
noise_0.30,0.8918303247851448,0.8825451805658675,0.900260236776543,-19526.182167711304,124552.05437209505,57946,1827,499.6467032117944
