config,acc,acc_lo,acc_hi,ll,bic,n,k_params,delta_bic
noise_0.00,0.8923653056293791,0.8833219818080651,0.9007623594946625,-19276.358816105407,124052.40766888326,57946,1827,0.0
noise_0.05,0.8923998205225555,0.8834082982249127,0.9008460425598794,-19280.649464666796,124060.98896600603,57946,1827,8.581297122771502
noise_0.10,0.8923135332896145,0.8834082982249127,0.9007623594946625,-19314.968801754163,124129.62764018077,57946,1827,77.21997129751253
noise_0.20,0.8921582162703207,0.8833219818080651,0.9005949898839551,-19423.04766956858,124345.7853758096,57946,1827,293.3777069263451
noise_0.30,0.8919856418044386,0.8825451805658675,0.9006786752689356,-19498.270927996098,124496.23189266464,57946,1827,443.8242237813829
