bin,mean_conf,emp_acc,n
"(-0.001, 1.0]",0.3409539669665506,0.3410666666666667,30000
