risk,ambiguity,ig,len,rsa_util
0.675177357664744,0.0039515144506222675,1.0946607742174874,1.5714285714285714,-111.88686281963606
