model,alpha,lambda,LL,BIC,beta,len_cost
RSA,2.0,0.25,-640515.1124061907,1281050.8427177027,,
AIF,,,-640655.1290688626,1281330.8760430466,0.5,0.25
