ablation,beta,len_cost,LL,BIC
Full (risk+amb-IG),0.5,0.25,-640655.1290688626,1281330.8760430466
No IG,0.5,0.25,-640655.1349421022,1281330.8877895258
No ambiguity,0.5,0.25,-640655.1349421022,1281330.8877895258
Risk only,0.5,0.25,-640655.6366384348,1281331.891182191
Ambiguity only,0.5,0.25,-640654.3417540317,1281329.3014133847
