{
  "input_dir": "input",
  "output_dir": "output",
  "cores": 14,
  "seeds": [
    0,
    1,
    2,
    3,
    4,
    5,
    6,
    7,
    8,
    9,
    10,
    11,
    12,
    13,
    14,
    15,
    16,
    17,
    18,
    19,
    20,
    21,
    22,
    23,
    24,
    25,
    26,
    27,
    28,
    29
  ],
  "n_trials_per_seed": 1000,
  "alpha_true": 6.0,
  "lambda_true": 0.15,
  "beta_true": 0.16666666666666666,
  "length_cost_true": 0.15,
  "sigma_h": 18.0,
  "sigma_s": 0.12,
  "sigma_l": 0.12,
  "vocab_base": [
    "red",
    "orange",
    "yellow",
    "green",
    "cyan",
    "blue",
    "purple",
    "pink",
    "brown",
    "gray"
  ],
  "conditions_to_draw": 6,
  "grid_alpha": [
    2.0,
    4.0,
    6.0,
    8.0,
    10.0
  ],
  "grid_lambda": [
    0.05,
    0.1,
    0.15,
    0.2,
    0.25
  ],
  "grid_beta": [
    0.08333333333333333,
    0.125,
    0.16666666666666666,
    0.25,
    0.5
  ],
  "grid_len_cost": [
    0.05,
    0.1,
    0.15,
    0.2,
    0.25
  ],
  "random_state": 0
}