{
  "results": {
    "0.25": {
      "pooled": {
        "n": 1738380,
        "accuracy": 0.33279029901402457,
        "loglik": -1.0986122886680403,
        "length": 2.7404997756531944,
        "entropy": 1.0986122886680403,
        "IG": 2.220446049250313e-16
      },
      "by_condition": {
        "split": {
          "n": 581730,
          "accuracy": 0.3332731679645196,
          "loglik": -1.0986122886681446,
          "length": 2.8466298798411636,
          "entropy": 1.0986122886681446,
          "IG": 2.220446049250313e-16
        },
        "close": {
          "n": 623940,
          "accuracy": 0.3328429015610475,
          "loglik": -1.0986122886681466,
          "length": 3.3987883450331764,
          "entropy": 1.0986122886681466,
          "IG": 2.220446049250313e-16
        },
        "far": {
          "n": 532710,
          "accuracy": 0.33220138536915017,
          "loglik": -1.0986122886681455,
          "length": 1.8535788703046685,
          "entropy": 1.0986122886681455,
          "IG": 2.220446049250313e-16
        }
      },
      "seed_acc": [
        0.3346391467918407,
        0.331601836192317,
        0.3293411106892624,
        0.33194698512408105,
        0.32939288302902703,
        0.33155006385255237,
        0.33274082766713836,
        0.33681358506195425,
        0.3324129361819625,
        0.33443205743278226,
        0.3335001553170193,
        0.33191247023090464,
        0.33189521278431644,
        0.33066993407655404,
        0.33270631277396195,
        0.33030752769820176,
        0.3335519276567839,
        0.3347944638111345,
        0.33398336382148897,
        0.32911676388361577,
        0.33274082766713836,
        0.3357608808200739,
        0.3341041659476064,
        0.33513961274289855,
        0.330497359610672,
        0.3300314085527905,
        0.3334828978704311,
        0.33643392123701377,
        0.3348634935974873,
        0.3333448382977255
      ]
    },
    "0.125": {
      "pooled": {
        "n": 1738380,
        "accuracy": 0.33279029901402457,
        "loglik": -1.0986122886680403,
        "length": 2.7404997756531944,
        "entropy": 1.0986122886680403,
        "IG": 2.220446049250313e-16
      },
      "by_condition": {
        "close": {
          "n": 623940,
          "accuracy": 0.3328429015610475,
          "loglik": -1.0986122886681464,
          "length": 3.3987883450331764,
          "entropy": 1.0986122886681464,
          "IG": 2.220446049250313e-16
        },
        "far": {
          "n": 532710,
          "accuracy": 0.33220138536915017,
          "loglik": -1.0986122886681455,
          "length": 1.8535788703046685,
          "entropy": 1.0986122886681455,
          "IG": 2.220446049250313e-16
        },
        "split": {
          "n": 581730,
          "accuracy": 0.3332731679645196,
          "loglik": -1.0986122886681446,
          "length": 2.8466298798411636,
          "entropy": 1.0986122886681446,
          "IG": 2.220446049250313e-16
        }
      },
      "seed_acc": [
        0.3346391467918407,
        0.331601836192317,
        0.3293411106892624,
        0.33194698512408105,
        0.32939288302902703,
        0.33155006385255237,
        0.33274082766713836,
        0.33681358506195425,
        0.3324129361819625,
        0.33443205743278226,
        0.3335001553170193,
        0.33191247023090464,
        0.33189521278431644,
        0.33066993407655404,
        0.33270631277396195,
        0.33030752769820176,
        0.3335519276567839,
        0.3347944638111345,
        0.33398336382148897,
        0.32911676388361577,
        0.33274082766713836,
        0.3357608808200739,
        0.3341041659476064,
        0.33513961274289855,
        0.330497359610672,
        0.3300314085527905,
        0.3334828978704311,
        0.33643392123701377,
        0.3348634935974873,
        0.3333448382977255
      ]
    },
    "0.0625": {
      "pooled": {
        "n": 1738380,
        "accuracy": 0.33279029901402457,
        "loglik": -1.0986122886680403,
        "length": 2.7404997756531944,
        "entropy": 1.0986122886680403,
        "IG": 0.0
      },
      "by_condition": {
        "split": {
          "n": 581730,
          "accuracy": 0.3332731679645196,
          "loglik": -1.0986122886681446,
          "length": 2.8466298798411636,
          "entropy": 1.0986122886681446,
          "IG": 0.0
        },
        "far": {
          "n": 532710,
          "accuracy": 0.33220138536915017,
          "loglik": -1.0986122886681455,
          "length": 1.8535788703046685,
          "entropy": 1.0986122886681455,
          "IG": 0.0
        },
        "close": {
          "n": 623940,
          "accuracy": 0.3328429015610475,
          "loglik": -1.0986122886681464,
          "length": 3.3987883450331764,
          "entropy": 1.0986122886681464,
          "IG": 0.0
        }
      },
      "seed_acc": [
        0.3346391467918407,
        0.331601836192317,
        0.3293411106892624,
        0.33194698512408105,
        0.32939288302902703,
        0.33155006385255237,
        0.33274082766713836,
        0.33681358506195425,
        0.3324129361819625,
        0.33443205743278226,
        0.3335001553170193,
        0.33191247023090464,
        0.33189521278431644,
        0.33066993407655404,
        0.33270631277396195,
        0.33030752769820176,
        0.3335519276567839,
        0.3347944638111345,
        0.33398336382148897,
        0.32911676388361577,
        0.33274082766713836,
        0.3357608808200739,
        0.3341041659476064,
        0.33513961274289855,
        0.330497359610672,
        0.3300314085527905,
        0.3334828978704311,
        0.33643392123701377,
        0.3348634935974873,
        0.3333448382977255
      ]
    }
  },
  "eps_baseline": {
    "0.0": 1.0,
    "0.01": 1.0,
    "0.05": 1.0,
    "0.1": 1.0
  }
}